Компания;Департамент;Подразделение;Отдел;Должность;Тип тругового договора;Ставка (FTE);Город
ООО Мега-Ф Сервис;IT-департамент;;Дирекция;Генеральный директор;Трудовой договор;1;Москва
ООО Мега-Ф Сервис;Дивизион АВТО;;Отдел испытаний;Руководитель отдела;Трудовой договор;1;Москва
ООО Мега-Ф Сервис;IT-департамент;;Отдел разработки;Инженер-криптоаналитик;Трудовой договор;1;Москва
ООО Мега-Ф Сервис;IT-департамент;;Отдел разработки;Инженер-разработчик WEB Серверов;Трудовой договор;1;Москва
ООО Мега-Ф Сервис;IT-департамент;;Отдел разработки;Ведущий инженер группы разработки встраиваемого программного обеспечения;Трудовой договор;1;Москва
ООО Мега-Ф Сервис;IT-департамент;;Отдел разработки;Ведущий инженер группы разработки мобильных приложений;Трудовой договор;1;Москва
ООО Мега-Ф Сервис;IT-департамент;;Отдел разработки;Инженер-разработчик;Трудовой договор;1;Москва
ООО Мега-Ф Сервис;IT-департамент;;Отдел разработки;Разработчик пользовательских интерфейсов;Трудовой договор;1;Москва
ООО Мега-Ф Сервис;IT-департамент;;Отдел разработки;Разработчик Андроид;Трудовой договор;1;Москва
ООО Мега-Ф Сервис;IT-департамент;;Отдел разработки;WEB-разработчик;Трудовой договор;1;Краснодар
ООО Мега-Ф Сервис;IT-департамент;;Отдел разработки;Инженер по тестированию;Трудовой договор;1;Москва
ООО Мега-Ф Сервис;IT-департамент;;Отдел разработки;Ведущий инженер-разработчик;Трудовой договор;1;Москва
ООО Мега-Ф Сервис;Дивизион АВТО;;Отдел технической поддержки;Секретарь горячей линии;Трудовой договор;1;
ООО Мега-Ф Сервис;Департамент логистики;;Цех;Менеджер по производственной логистике;Трудовой договор;1;Москва
ООО Мега-Ф Сервис;Департамент логистики;;Цех;Начальник производства;Трудовой договор;1;Москва
ООО Мега-Ф Сервис;Департамент логистики;;Цех;Инженер по тестированию;Трудовой договор;1;Москва
ООО Мега-Ф Сервис;Департамент логистики;;Цех;Инженер по тестированию;Трудовой договор;1;Москва
ООО Мега-Ф Сервис;Департамент логистики;;Цех;Техник-программист;Трудовой договор;1;Москва
ООО Мега-Ф Сервис;Департамент логистики;;Цех;Техник-программист;Трудовой договор;1;Москва
ООО Мега-Ф Сервис;Департамент логистики;;Цех;Техник-программист;Трудовой договор;1;Москва
ООО Мега-Ф Сервис;Департамент логистики;;Цех;Техник-программист;Трудовой договор;1;Москва
ООО Мега-Ф Сервис;Департамент логистики;;Цех;Техник-программист;Трудовой договор;1;Москва
ООО Мега-Ф Сервис;Департамент финансов;;Бухгалтерия;Главный бухгалтер;Трудовой договор;1;Москва
ООО Мега-Ф Сервис;Департамент финансов;;Бухгалтерия;Бухгалтер-кассир;Трудовой договор;0.5;Москва
ООО Мега-Ф Сервис;Умный Дом;ОП Санкт-Петербург;;Менеджер по работе с клиентами;Трудовой договор;1;Санкт-Петербург
ООО Мега-Ф Сервис;Умный Дом;ОП Санкт-Петербург;;Менеджер по работе с клиентами;Трудовой договор;1;Санкт-Петербург
ООО Мега-Ф Сервис;Умный Дом;ОП Санкт-Петербург;;Региональный директор;Трудовой договор;1;Санкт-Петербург
ООО Мега-Ф Сервис;Умный Дом;ОП Санкт-Петербург;Отдел разработки;Руководитель отдела;Трудовой договор;1;Санкт-Петербург
ООО Мега-Ф Сервис;Умный Дом;ОП Санкт-Петербург;Отдел разработки;Младший инженер-программист;Трудовой договор;1;Москва
ООО Мега-Ф Сервис;Умный Дом;ОП Санкт-Петербург;Отдел разработки;Младший инженер-программист;Трудовой договор;1;Санкт-Петербург
ООО Мега-Ф Сервис;Умный Дом;ОП Санкт-Петербург;Отдел разработки;Инженер по тестированию;Трудовой договор;1;Санкт-Петербург
ООО Мега-Ф Сервис;Умный Дом;ОП Санкт-Петербург;Отдел разработки;Инженер-программист;Трудовой договор;1;Санкт-Петербург
ООО Мега-Ф Сервис;Умный Дом;ОП Санкт-Петербург;Отдел разработки;Ведущий инженер-программист;Трудовой договор;1;Санкт-Петербург
ООО Мега-Ф Сервис;Умный Дом;ОП Санкт-Петербург;Отдел разработки;Ведущий инженер-программист;Трудовой договор;1;Санкт-Петербург
ООО Мега-Ф Сервис;Умный Дом;ОП Санкт-Петербург;Отдел развития;Руководитель отдела;Трудовой договор;1;Санкт-Петербург
ООО Мега-Ф Сервис;Умный Дом;ОП Санкт-Петербург;Отдел развития;Ведущий дизайнер;Трудовой договор;1;Санкт-Петербург
ООО Мега-Ф Сервис;Умный Дом;ОП Санкт-Петербург;Отдел закупок;Руководитель отдела;Трудовой договор;1;Санкт-Петербург
ООО Мега-Ф Сервис;Умный Дом;ОП Санкт-Петербург;Отдел закупок;Специалист по закупкам;Трудовой договор;1;Санкт-Петербург
ООО Мега-Ф Сервис;Умный Дом;ОП Санкт-Петербург;Отдел тестирования;Старший инженер по тестированию;Трудовой договор;1;Санкт-Петербург
ТФН БИВАЙ;;;Дирекция;Директор по продажам;Трудовой договор;1;Минск
ТФН БИВАЙ;;;Дирекция;Главный бухгалтер;Трудовой договор;1;Минск
ТФН БИВАЙ;;;Отдел продаж;Менеджер по продажам;Трудовой договор;1;Минск
ТФН БИВАЙ;;;Отдел продаж;Менеджер по продажам;Трудовой договор;1;Минск
ТФН БИВАЙ;;;Отдел логистики;Кладовщик;Трудовой договор;1;Минск
ТОО TFN-KZ;Дивизион международного бизнеса;Филиал Казахстан;;Исполнительный директор;Трудовой договор;1;Алматы, Казахстан
ООО ТелеФон;Департамент финансов;;Бухгалтерия;Бухгалтер;Трудовой договор;0.25;Москва
ООО ТелеФон;Департамент финансов;;Бухгалтерия;Главный бухгалтер;Трудовой договор;1;Москва
ООО ТелеФон;Дивизион МОБАЙЛ;;Отдел продаж;Старший менеджер;Трудовой договор;0.25;Москва
ООО ТелеФон;Дивизион МОБАЙЛ;;Отдел продаж;Менеджер по продажам;Трудовой договор;1;Москва
ООО ТелеФон;Дивизион МОБАЙЛ;;Отдел продаж;Менеджер по работе с клиентами;Трудовой договор;1;Москва
ООО ТелеФон;Дивизион МОБАЙЛ;;Отдел продаж;Менеджер по работе с клиентами;Трудовой договор;1;Москва
ООО ТелеФон;Дирекция;;;Генеральный директор;Трудовой договор;0.25;Москва
ООО ТелеФон;IT-департамент;;Отдел разработки;UI/UX дизайнер;Трудовой договор;0.2;Москва
ООО ТелеФон;IT-департамент;;Отдел разработки;Программист-разработчик;Трудовой договор;0.2;Москва
ООО ТелеФон;Дивизион МОБАЙЛ;ОП Краснодар;Отдел продаж;Менеджер по продажам;Трудовой договор;1;Краснодар
ООО ТелеФон;Дивизион МОБАЙЛ;ОП Краснодар;Отдел продаж;Менеджер по продажам;Трудовой договор;1;Краснодар
ООО ТелеФон;Дивизион МОБАЙЛ;ОП Краснодар;Отдел продаж;Менеджер по работе с клиентами;Трудовой договор;1;Краснодар
ООО ТелеФон;Дивизион МОБАЙЛ;ОП Краснодар;Отдел продаж;Менеджер по работе с клиентами;Трудовой договор;1;Краснодар
ООО Мега-Ф Холдинг;Департамент финансов;;Юридический отдел\n;Руководитель отдела;Трудовой договор;1;Москва
ООО Мега-Ф Холдинг;Дирекция;;;Генеральный директор;Трудовой договор;0.2;Москва
ООО Мега-Ф Холдинг;Дивизион Оптика;;Отдел продаж;Менеджер по работе с клиентами;Трудовой договор;1;Москва
ООО Мега-Ф Холдинг;Дивизион Оптика;;Отдел продаж;Менеджер по продажам B2С;Трудовой договор;1;Москва
ООО Мега-Ф Холдинг;Дивизион Оптика;;Отдел продаж;Менеджер по продажам маркет-плейс;Трудовой договор;1;Москва
ООО Мега-Ф Холдинг;Дивизион МОБАЙЛ;;Отдел по направлению AR/VR;Руководитель направления AR/VR;Трудовой договор;1;Москва
Ритейл Решения ООО;Дирекция;;;Директор;Трудовой договор;0.25;Санкт-Петербург
Ритейл Решения ООО;Дивизион МОБАЙЛ;ОП Санкт-Петербург;Отдел электронная коммерция;Специалист;Трудовой договор;0.25;Санкт-Петербург
Ритейл Решения ООО;Дивизион МОБАЙЛ;ОП Санкт-Петербург;Отдел логистика;Кладовщик;Трудовой договор;0.25;Санкт-Петербург
Ритейл Решения ООО;Департамент финансов;;Бухгалтерия;Главный бухгалтер;Трудовой договор;0.5;Москва
ООО ТФН;Дирекция;;;Генеральный директор;Трудовой договор;1;Москва
ООО ТФН;Дирекция;;;Президент;Трудовой договор;1;Москва
ООО ТФН;Дирекция;;;Исполнительный Вице-президент;Трудовой договор;1;Москва
ООО ТФН;Дирекция;;;Личный помощник;Трудовой договор;1;Москва
ООО ТФН;Дирекция;;;Личный помощник;Трудовой договор;1;Москва
ООО ТФН;Дирекция;;;Личный помощник;Трудовой договор;1;Москва
ООО ТФН;Дирекция;;;Операционный директор;Трудовой договор;1;Москва
ООО ТФН;Отдел субконтрактов;;;Старший менеджер по продажам;Трудовой договор;1;
ООО ТФН;Отдел сетевые клиенты;;;Менеджер по работе с клиентами;Трудовой договор;1;
ООО ТФН;HR-департамент;;;Директор по бизнес процессам и корпоративному развитию;Трудовой договор;1;Москва
ООО ТФН;HR-департамент;;;Специалист по методологии;Трудовой договор;1;Москва
ООО ТФН;HR-департамент;;Отдел кадров и секретариата;Офис-менеджер;Трудовой договор;1;Москва
ООО ТФН;HR-департамент;;Отдел кадров и секретариата;Офис-менеджер;Трудовой договор;1;Москва
ООО ТФН;HR-департамент;;Отдел кадров и секретариата;Специалист по кадрам;Трудовой договор;1;Москва
ООО ТФН;HR-департамент;;Отдел кадров и секретариата;Руководитель отдела;Трудовой договор;1;Москва
ООО ТФН;HR-департамент;;Отдел персонала;Менеджер по персоналу;Трудовой договор;1;Москва
ООО ТФН;HR-департамент;;Отдел персонала;Руководитель отдела;Трудовой договор;1;Москва
ООО ТФН;Департамент развития;;;Проект-менеджер;Трудовой договор;1;Иркутск
ООО ТФН;Департамент развития;;;Директор по стратегическому развитию;Трудовой договор;1;
ООО ТФН;IT-департамент;;;Директор департамента;Трудовой договор;1;Москва
ООО ТФН;IT-департамент;;;Координатор департамента;Трудовой договор;1;Москва
ООО ТФН;IT-департамент;;Отдел технической поддержки;Специалист технической поддержки;Трудовой договор;1;Москва
ООО ТФН;IT-департамент;;Отдел технической поддержки;Ведущий специалист технической поддержки;Трудовой договор;1;Москва
ООО ТФН;IT-департамент;;Отдел технической поддержки;Руководитель отдела;Трудовой договор;1;Москва
ООО ТФН;IT-департамент;;Отдел технической поддержки;Системный администратор Unix;Трудовой договор;1;Москва
ООО ТФН;IT-департамент;;Отдел ERP-систем;Ведущий консультант SAP R/3;Трудовой договор;1;Москва
ООО ТФН;IT-департамент;;Отдел ERP-систем;Руководитель отдела;Трудовой договор;1;Москва
ООО ТФН;IT-департамент;;Отдел ERP-систем;Консультант SAP R/3;Трудовой договор;1;Москва
ООО ТФН;IT-департамент;;Отдел ERP-систем;Консультант SAP PM-CS;Трудовой договор;1;Москва
ООО ТФН;IT-департамент;;Отдел ERP-систем;Консультант SAP FI/CO;Трудовой договор;1;Москва
ООО ТФН;IT-департамент;;Отдел ERP-систем;Консультант 1С;Трудовой договор;1;Москва
ООО ТФН;IT-департамент;;Отдел WEB-разработки;Web-программист;Трудовой договор;1;Москва
ООО ТФН;IT-департамент;;Отдел WEB-разработки;Руководитель отдела;Трудовой договор;1;Москва
ООО ТФН;IT-департамент;;Отдел WEB-разработки;Ведущий Web-программист;Трудовой договор;0.9;Москва
ООО ТФН;IT-департамент;;Отдел WEB-разработки;Младший Web-программист;Трудовой договор;1;Москва
ООО ТФН;Административно-хозяйственный отдел;;;Заместитель директора по общим вопросам;Трудовой договор;1;Москва
ООО ТФН;Административно-хозяйственный отдел;;;Менеджер;Трудовой договор;1;Москва
ООО ТФН;Административно-хозяйственный отдел;;;Техник-электрик;Трудовой договор;1;Москва
ООО ТФН;Административно-хозяйственный отдел;;;Техник-электрик;Трудовой договор;1;Москва
ООО ТФН;Департамент логистики;;;Заместитель директора департамента;Трудовой договор;1;Москва
ООО ТФН;Департамент логистики;;;Директор департамента;Трудовой договор;1;Москва
ООО ТФН;Департамент логистики;;Транспортный отдел;Водитель-экспедитор;Трудовой договор;1;Москва
ООО ТФН;Департамент логистики;;Транспортный отдел;Водитель-экспедитор;Трудовой договор;1;Москва
ООО ТФН;Департамент логистики;;Транспортный отдел;Водитель-экспедитор;Трудовой договор;1;Москва
ООО ТФН;Департамент логистики;;Транспортный отдел;Водитель-экспедитор;Трудовой договор;1;Москва
ООО ТФН;Департамент логистики;;Транспортный отдел;Водитель-экспедитор;Трудовой договор;1;Москва
ООО ТФН;Департамент логистики;;Транспортный отдел;Водитель-экспедитор;Трудовой договор;1;Москва
ООО ТФН;Департамент логистики;;Транспортный отдел;Водитель-экспедитор;Трудовой договор;1;Москва
ООО ТФН;Департамент логистики;;Транспортный отдел;Водитель-экспедитор;Трудовой договор;1;Москва
ООО ТФН;Департамент логистики;;Транспортный отдел;Водитель-экспедитор;Трудовой договор;1;Москва
ООО ТФН;Департамент логистики;;Транспортный отдел;Водитель-экспедитор;Трудовой договор;1;Москва
ООО ТФН;Департамент логистики;;Транспортный отдел;Водитель-экспедитор;Трудовой договор;1;Москва
ООО ТФН;Департамент логистики;;Транспортный отдел;Водитель-экспедитор;Трудовой договор;1;Москва
ООО ТФН;Департамент логистики;;Транспортный отдел;Водитель-экспедитор;Трудовой договор;1;Москва
ООО ТФН;Департамент логистики;;Транспортный отдел;Главный механик;Трудовой договор;1;Москва
ООО ТФН;Департамент логистики;;Склад;Заместитель начальника склада;Трудовой договор;1;Москва
ООО ТФН;Департамент логистики;;Склад;Старший кладовщик;Трудовой договор;1;Москва
ООО ТФН;Департамент логистики;;Склад;Старший кладовщик;Трудовой договор;1;Москва
ООО ТФН;Департамент логистики;;Склад;Старший кладовщик;Трудовой договор;1;Москва
ООО ТФН;Департамент логистики;;Склад;Старший кладовщик;Трудовой договор;1;Москва
ООО ТФН;Департамент логистики;;Склад;Старший кладовщик;Трудовой договор;1;Москва
ООО ТФН;Департамент логистики;;Склад;Кладовщик-комплектовщик;Трудовой договор;1;Москва
ООО ТФН;Департамент логистики;;Склад;Кладовщик-комплектовщик;Трудовой договор;1;Москва
ООО ТФН;Департамент логистики;;Склад;Кладовщик-комплектовщик;Трудовой договор;1;Москва
ООО ТФН;Департамент логистики;;Склад;Кладовщик-комплектовщик;Трудовой договор;1;Москва
ООО ТФН;Департамент логистики;;Склад;Кладовщик-комплектовщик;Трудовой договор;1;Москва
ООО ТФН;Департамент логистики;;Склад;Кладовщик-комплектовщик;Трудовой договор;1;Москва
ООО ТФН;Департамент логистики;;Склад;Кладовщик-комплектовщик;Трудовой договор;1;Москва
ООО ТФН;Департамент логистики;;Склад;Кладовщик-комплектовщик;Трудовой договор;1;Москва
ООО ТФН;Департамент логистики;;Склад;Кладовщик-комплектовщик;Трудовой договор;1;Москва
ООО ТФН;Департамент логистики;;Склад;Кладовщик-комплектовщик;Трудовой договор;1;Москва
ООО ТФН;Департамент логистики;;Склад;Кладовщик-комплектовщик;Трудовой договор;1;Москва
ООО ТФН;Департамент логистики;;Склад;Кладовщик-комплектовщик;Трудовой договор;1;Москва
ООО ТФН;Департамент логистики;;Склад;Кладовщик-комплектовщик;Трудовой договор;1;Москва
ООО ТФН;Департамент логистики;;Склад;Старший оператор;Трудовой договор;1;Москва
ООО ТФН;Департамент логистики;;Административный отдел;Курьер;Трудовой договор;1;Москва
ООО ТФН;Департамент логистики;;Административный отдел;Курьер;Трудовой договор;1;Москва
ООО ТФН;Департамент логистики;;Отдел транспортной логистики по Мск и МО;Менеджер по транспортной логистике;Трудовой договор;1;Москва
ООО ТФН;Департамент логистики;;Отдел транспортной логистики по Мск и МО;Менеджер по транспортной логистике;Трудовой договор;1;Москва
ООО ТФН;Департамент логистики;;Отдел транспортной логистики по Мск и МО;Руководитель отдела;Трудовой договор;1;Москва
ООО ТФН;Департамент логистики;;Отдел региональной доставки;Менеджер;Трудовой договор;1;Москва
ООО ТФН;Департамент логистики;;Отдел региональной доставки;Менеджер;Трудовой договор;1;Москва
ООО ТФН;Департамент логистики;;Отдел региональной доставки;Ассистент отдела;Трудовой договор;1;Москва
ООО ТФН;Департамент логистики;;Отдел региональной доставки;Руководитель отдела;Трудовой договор;1;Москва
ООО ТФН;Департамент логистики;;Отдел региональной доставки;Ведущий менеджер;Трудовой договор;1;Москва
ООО ТФН;Департамент логистики;;Отдел региональной доставки;Ведущий менеджер;Трудовой договор;1;Москва
ООО ТФН;Дивизион АВТО;;;Директор дивизиона;Трудовой договор;1;Москва
ООО ТФН;Дивизион АВТО;;Административный отдел;Менеджер по управлению запасами;Трудовой договор;1;Москва
ООО ТФН;Дивизион АВТО;;Административный отдел;Менеджер по логистике и управлению запасами;Трудовой договор;1;Москва
ООО ТФН;Дивизион АВТО;Объединение Москва;Отдел по работе с автосалонами;Менеджер по продажам;Трудовой договор;1;Москва
ООО ТФН;Дивизион АВТО;Объединение Москва;Отдел по работе с автосалонами;Менеджер по продажам;Трудовой договор;1;Москва
ООО ТФН;Дивизион АВТО;Объединение Москва;Отдел по работе с автосалонами;Менеджер по работе с клиентами;Трудовой договор;1;Москва
ООО ТФН;Дивизион АВТО;Объединение Москва;Отдел по работе с автосалонами;Руководитель отдела;Трудовой договор;1;Москва
ООО ТФН;Дивизион АВТО;Объединение Москва;;Руководитель отдела;Трудовой договор;1;Москва
ООО ТФН;Дивизион АВТО;Объединение Москва;;Менеджер по продажам г. Рязань;Трудовой договор;1;Рязань
ООО ТФН;Дивизион АВТО;Объединение Москва;Отдел по работе с ключевыми клиентами;Менеджер по продажам;Трудовой договор;1;Москва
ООО ТФН;Дивизион АВТО;Объединение Москва;Отдел по работе с ключевыми клиентами;Менеджер по работе с клиентами;Трудовой договор;1;Москва
ООО ТФН;Дивизион АВТО;Объединение Москва;Отдел по работе с ключевыми клиентами;Руководитель отдела;Трудовой договор;1;Москва
ООО ТФН;Дивизион АВТО;Объединение Центр;;Руководитель объединения;Трудовой договор;1;Воронеж
ООО ТФН;Дивизион АВТО;Объединение Центр;ОП в г. Самаре;Водитель-экспедитор;Трудовой договор;1;Самара
ООО ТФН;Дивизион АВТО;Объединение Центр;ОП в г. Самаре;Менеджер по продажам;Трудовой договор;1;Самара
ООО ТФН;Дивизион АВТО;Объединение Центр;ОП в г. Самаре;Менеджер по продажам;Трудовой договор;1;Самара
ООО ТФН;Дивизион АВТО;Объединение Центр;ОП в г. Самаре;Менеджер по работе с клиентами;Трудовой договор;1;Самара
ООО ТФН;Дивизион АВТО;Объединение Центр;ОП в г. Самаре;Ведущий инженер-консультант;Трудовой договор;1;Самара
ООО ТФН;Дивизион АВТО;Объединение Центр;ОП в г. Самаре;Старший менеджер по работе с клиентами;Трудовой договор;1;Самара
ООО ТФН;Дивизион АВТО;Объединение Центр;ОП в г. Самаре;Региональный директор;Трудовой договор;1;Самара
ООО ТФН;Дивизион АВТО;Объединение Центр;ОП в г. Казань;Менеджер по продажам;Трудовой договор;1;Казань
ООО ТФН;Дивизион АВТО;Объединение Центр;ОП в г. Казань;Менеджер по продажам;Трудовой договор;1;Казань
ООО ТФН;Дивизион АВТО;Объединение Центр;ОП в г. Казань;Менеджер по работе с клиентами;Трудовой договор;1;Казань
ООО ТФН;Дивизион АВТО;Объединение Центр;ОП в г. Казань;Менеджер по работе с клиентами;Трудовой договор;1;Казань
ООО ТФН;Дивизион АВТО;Объединение Центр;ОП в г. Казань;Региональный директор;Трудовой договор;1;Казань
ООО ТФН;Дивизион АВТО;Объединение Центр;ОП в г. Казань;Заведующий складом;Трудовой договор;1;Казань
ООО ТФН;Дивизион АВТО;Объединение Центр;ОП в г. Казань;Инженер-консультант;Трудовой договор;1;Казань
ООО ТФН;Дивизион АВТО;Объединение Центр;ОП в г. Казань;Технический специалист;Трудовой договор;1;Казань
ООО ТФН;Дивизион АВТО;Объединение Центр;ОП в г. Нижнем Новгороде;Менеджер по продажам;Трудовой договор;1;Нижний Новгород
ООО ТФН;Дивизион АВТО;Объединение Центр;ОП в г. Нижнем Новгороде;Менеджер по продажам;Трудовой договор;1;Нижний Новгород
ООО ТФН;Дивизион АВТО;Объединение Центр;ОП в г. Нижнем Новгороде;Менеджер по работе с клиентами;Трудовой договор;1;Нижний Новгород
ООО ТФН;Дивизион АВТО;Объединение Центр;ОП в г. Нижнем Новгороде;Инженер-консультант;Трудовой договор;1;Нижний Новгород
ООО ТФН;Дивизион АВТО;Объединение Центр;ОП в г. Нижнем Новгороде;Региональный директор;Трудовой договор;1;Нижний Новгород
ООО ТФН;Дивизион АВТО;Объединение Центр;ОП в г. Уфе;Региональный директор;Трудовой договор;1;Уфа
ООО ТФН;Дивизион АВТО;Объединение Центр;ОП в г. Уфе;Технический специалист;Трудовой договор;1;Уфа
ООО ТФН;Дивизион АВТО;Объединение Центр;ОП в г. Воронеже;Менеджер по работе с клиентами;Трудовой договор;1;Воронеж
ООО ТФН;Дивизион АВТО;Объединение Центр;ОП в г. Воронеже;Инженер-консультант;Трудовой договор;1;Уфа
ООО ТФН;Дивизион АВТО;Объединение Центр;ОП в г. Воронеже;Технический специалист;Трудовой договор;1;Воронеж
ООО ТФН;Дивизион АВТО;Объединение Центр;ОП в г. Воронеже;Кладовщик-экспедитор;Трудовой договор;1;Воронеж
ООО ТФН;Дивизион АВТО;Объединение Центр;Отдел региональных продаж в г. Воронеже;Менеджер по продажам;Трудовой договор;1;Воронеж
ООО ТФН;Дивизион АВТО;Объединение Центр;Отдел региональных продаж в г. Воронеже;Руководитель отдела;Трудовой договор;1;Воронеж
ООО ТФН;Дивизион АВТО;Объединение Юг;;Руководитель объединения;Трудовой договор;1;Краснодар
ООО ТФН;Дивизион АВТО;Объединение Юг;ОП в г. Краснодаре;Финансовый менеджер;Трудовой договор;1;Краснодар
ООО ТФН;Дивизион АВТО;Объединение Юг;ОП в г. Краснодаре;Менеджер по продажам;Трудовой договор;1;Краснодар
ООО ТФН;Дивизион АВТО;Объединение Юг;ОП в г. Краснодаре;Менеджер по работе с клиентами;Трудовой договор;1;Краснодар
ООО ТФН;Дивизион АВТО;Объединение Юг;ОП в г. Краснодаре;Ведущий инженер-консультант;Трудовой договор;1;Краснодар
ООО ТФН;Дивизион АВТО;Объединение Юг;ОП в г. Краснодаре;Руководитель отдела продаж;Трудовой договор;1;Краснодар
ООО ТФН;Дивизион АВТО;Объединение Юг;ОП в г. Краснодаре;Менеджер по логистике;Трудовой договор;1;Краснодар
ООО ТФН;Дивизион АВТО;Объединение Юг;ОП в г. Волгограде;Менеджер по продажам;Трудовой договор;1;Волгоград
ООО ТФН;Дивизион АВТО;Объединение Юг;ОП в г. Волгограде;Менеджер по работе с клиентами;Трудовой договор;1;Волгоград
ООО ТФН;Дивизион АВТО;Объединение Юг;ОП в г. Волгограде;Технический специалист;Трудовой договор;1;Волгоград
ООО ТФН;Дивизион АВТО;Объединение Юг;ОП в г. Ставрополе;Менеджер по продажам;Трудовой договор;1;Ставрополь
ООО ТФН;Дивизион АВТО;Объединение Юг;ОП в г. Ставрополе;Инженер-консультант;Трудовой договор;1;Ставрополь
ООО ТФН;Дивизион АВТО;Объединение Юг;ОП в г. Ростове-на-Дону;Водитель-кладовщик;Трудовой договор;1;Ростов-на-Дону
ООО ТФН;Дивизион АВТО;Объединение Юг;ОП в г. Ростове-на-Дону;Менеджер по работе с клиентами;Трудовой договор;1;Ростов-на-Дону
ООО ТФН;Дивизион АВТО;Объединение Юг;ОП в г. Ростове-на-Дону;Инженер-консультант;Трудовой договор;1;Ростов-на-Дону
ООО ТФН;Дивизион АВТО;Объединение Юг;ОП в г. Ростове-на-Дону;Региональный директор;Трудовой договор;1;Ростов-на-Дону
ООО ТФН;Дивизион АВТО;Объединение Юг;Отдел региональных продаж в г. Ростове-на-Дону;Руководитель отдела;Трудовой договор;1;Ростов-на-Дону
ООО ТФН;Дивизион АВТО;Объединение Запад;;Руководитель объединения;Трудовой договор;1;Санкт-Петербург
ООО ТФН;Дивизион АВТО;Объединение Запад;ОП в г. Вологда;Менеджер по продажам;Трудовой договор;1;Санкт-Петербург
ООО ТФН;Дивизион АВТО;Объединение Запад;ОП в г. Петрозаводске;Менеджер по продажам;Трудовой договор;1;Петрозаводск
ООО ТФН;Дивизион АВТО;Объединение Запад;ОП в г. Калининграде;Региональный директор;Трудовой договор;1;Калининград
ООО ТФН;Дивизион АВТО;Объединение Запад;ОП в г. Мурманске;Технический специалист;Трудовой договор;1;Мурманск
ООО ТФН;Дивизион АВТО;Объединение Запад;ОП в г. Ярославле;Менеджер по продажам;Трудовой договор;1;Ярославль
ООО ТФН;Дивизион АВТО;Объединение Запад;ОП в г. Ярославле;Инженер-консультант;Трудовой договор;1;Ярославль
ООО ТФН;Дивизион АВТО;Объединение Запад;ОП в г. Ярославле;Старший менеджер по работе с клиентами;Трудовой договор;1;Ярославль
ООО ТФН;Дивизион АВТО;Объединение Запад;ОП в г. Ярославле;Региональный директор;Трудовой договор;1;Ярославль
ООО ТФН;Дивизион АВТО;Объединение Запад;ОП в г. Ярославле;Технический специалист;Трудовой договор;1;Ярославль
ООО ТФН;Дивизион АВТО;Объединение Запад;ОП в г. Санкт-Петербурге;Руководитель отдела логистики;Трудовой договор;1;Санкт-Петербург
ООО ТФН;Дивизион АВТО;Объединение Запад;ОП в г. Санкт-Петербурге;Менеджер по продажам;Трудовой договор;1;Санкт-Петербург
ООО ТФН;Дивизион АВТО;Объединение Запад;ОП в г. Санкт-Петербурге;Старший менеджер по работе с клиентами;Трудовой договор;1;Санкт-Петербург
ООО ТФН;Дивизион АВТО;Объединение Запад;ОП в г. Санкт-Петербурге;Старший менеджер по работе с клиентами;Трудовой договор;1;Санкт-Петербург
ООО ТФН;Дивизион АВТО;Объединение Запад;ОП в г. Санкт-Петербурге;Руководитель отдела продаж;Трудовой договор;1;Санкт-Петербург
ООО ТФН;Дивизион АВТО;Объединение Запад;ОП в г. Санкт-Петербурге;Старший инженер-консультант;Трудовой договор;1;Санкт-Петербург
ООО ТФН;Дивизион АВТО;Объединение Запад;ОП в г. Иваново;Менеджер по продажам;Трудовой договор;1;Иваново
ООО ТФН;Дивизион АВТО;Объединение Урал и Сибирь;ОП в г. Челябинске;Менеджер по работе с клиентами;Трудовой договор;0.5;
ООО ТФН;Дивизион АВТО;Объединение Урал и Сибирь;ОП в г. Челябинске;Технический специалист;Трудовой договор;1;Челябинск
ООО ТФН;Дивизион АВТО;Объединение Урал и Сибирь;ОП в г. Магнитогорск;Менеджер по продажам;Трудовой договор;1;Магнитогорск
ООО ТФН;Дивизион АВТО;;Отдел закупок и поставок;Менеджер по закупкам;Трудовой договор;1;Москва
ООО ТФН;Дивизион АВТО;;Отдел по работе с представительствами автопроизводителей;Менеджер по работе с клиентами;Трудовой договор;1;Москва
ООО ТФН;Дивизион АВТО;;Отдел по работе с представительствами автопроизводителей;Ассистент отдела;Трудовой договор;1;Москва
ООО ТФН;Дивизион АВТО;;Отдел по работе с представительствами автопроизводителей;Руководитель отдела;Трудовой договор;1;Москва
ООО ТФН;Дивизион АВТО;Технический департамент;;Директор департамента;Трудовой договор;1;Москва
ООО ТФН;Дивизион АВТО;Технический департамент;Отдел ремонта;Инженер по ремонту;Трудовой договор;1;Москва
ООО ТФН;Дивизион АВТО;Технический департамент;Отдел ремонта;Инженер по ремонту;Трудовой договор;1;Москва
ООО ТФН;Дивизион АВТО;Технический департамент;Отдел ремонта;Руководитель отдела;Трудовой договор;1;Москва
ООО ТФН;Дивизион АВТО;Технический департамент;Отдел технической поддержки;Ведущий инженер-разработчик CAN;Трудовой договор;1;Москва
ООО ТФН;Дивизион АВТО;Технический департамент;Отдел технической поддержки;Установщик дополнительного оборудования;Трудовой договор;1;Москва
ООО ТФН;Дивизион АВТО;Технический департамент;Отдел технической поддержки;Ведущий инженер-консультант;Трудовой договор;1;Москва
ООО ТФН;Дивизион АВТО;Технический департамент;Отдел технической поддержки;Инженер-консультант;Трудовой договор;1;Москва
ООО ТФН;Дивизион АВТО;Технический департамент;Отдел технической поддержки;Инженер-консультант;Трудовой договор;1;Москва
ООО ТФН;Дивизион АВТО;Технический департамент;Отдел технической поддержки;Инженер-консультант;Трудовой договор;1;Москва
ООО ТФН;Дивизион АВТО;Технический департамент;Отдел технической поддержки;Инженер-консультант;Трудовой договор;1;Москва
ООО ТФН;Дивизион АВТО;Технический департамент;Отдел технической поддержки;Инженер-консультант;Трудовой договор;1;Москва
ООО ТФН;Дивизион АВТО;Технический департамент;Отдел технической поддержки;Инженер-разработчик САN;Трудовой договор;1;Москва
ООО ТФН;Дивизион АВТО;Технический департамент;Отдел технической поддержки;Инженер консультант (горячей линии);Трудовой договор;1;Москва
ООО ТФН;Дивизион АВТО;Технический департамент;Отдел технической поддержки;Инженер консультант (горячей линии);Трудовой договор;1;Москва
ООО ТФН;Дивизион АВТО;Технический департамент;Отдел технической поддержки;Инженер консультант (горячей линии);Трудовой договор;1;Москва
ООО ТФН;Дивизион АВТО;Технический департамент;Отдел технической поддержки;Инженер консультант (горячей линии);Трудовой договор;1;Москва
ООО ТФН;Дивизион АВТО;Технический департамент;Отдел технической поддержки;Ведущий инженер-консультант (горячей линии);Трудовой договор;1;Москва
ООО ТФН;Департамент маркетинга;;;Директор департамента;Трудовой договор;1;Москва
ООО ТФН;Департамент маркетинга;;;Координатор;Трудовой договор;1;Москва
ООО ТФН;Департамент маркетинга;;Отдел маркетинга и рекламы;Руководитель отдела;Трудовой договор;1;Москва
ООО ТФН;Департамент маркетинга;;Региональный отдел;Менеджер по развитию;Трудовой договор;1;Екатеринбург
ООО ТФН;Департамент маркетинга;;Региональный отдел;Руководитель отдела;Трудовой договор;1;Воронеж
ООО ТФН;Департамент маркетинга;;Региональный отдел;Руководитель направления Восток;Трудовой договор;1;Владивосток
ООО ТФН;Департамент маркетинга;;Региональный отдел;Руководитель направления Запад;Трудовой договор;1;Санкт-Петербург
ООО ТФН;Департамент маркетинга;;Региональный отдел;Региональный менеджер по г. Нижний Новгород;Трудовой договор;1;Нижний Новгород
ООО ТФН;Департамент маркетинга;;Региональный отдел;Региональный менеджер по г. Москва;Трудовой договор;1;Москва
ООО ТФН;Департамент маркетинга;;Региональный отдел;Региональный менеджер по г. Уфа;Трудовой договор;1;Уфа
ООО ТФН;Департамент маркетинга;;Региональный отдел;Региональный менеджер по г. Красноярск;Трудовой договор;1;Красноярск
ООО ТФН;Департамент маркетинга;;Региональный отдел;Региональный менеджер по г. Кемерово;Трудовой договор;1;Кемерово
ООО ТФН;Департамент маркетинга;;Региональный отдел;Региональный менеджер по г. Челябинск;Трудовой договор;1;Челябинск
ООО ТФН;Департамент маркетинга;;Региональный отдел;Региональный менеджер по г. Ростову-на-Дону;Трудовой договор;1;Ростов-на-Дону
ООО ТФН;Департамент маркетинга;;Региональный отдел;Региональный менеджер по г. Иркутск;Трудовой договор;1;Иркутск
ООО ТФН;Департамент маркетинга;;Региональный отдел;Региональный менеджер по г. Пятигорск;Трудовой договор;1;Пятигорск
ООО ТФН;Департамент маркетинга;;Региональный отдел;Региональный менеджер по развитию г. Самара;Трудовой договор;1;Самара
ООО ТФН;Департамент маркетинга;;Региональный отдел;Региональный менеджер по развитию г. Тула;Трудовой договор;1;Тула
ООО ТФН;Департамент маркетинга;;Отдел маркетинга и рекламы;Заместитель руководителя отдела;Трудовой договор;1;Москва
ООО ТФН;Департамент маркетинга;;Отдел маркетинга и рекламы;Ведущий дизайнер;Трудовой договор;1;Москва
ООО ТФН;Департамент маркетинга;;Отдел маркетинга и рекламы;Менеджер по работе с маркетплейсами;Трудовой договор;1;Москва
ООО ТФН;Департамент маркетинга;;Отдел маркетинга и рекламы;Ассистент дизайнера;Трудовой договор;1;Москва
ООО ТФН;Департамент маркетинга;;Отдел маркетинга и рекламы;Контент-специалист;Трудовой договор;1;Москва
ООО ТФН;Департамент маркетинга;;Отдел маркетинга и рекламы;Специалист по работе со СМИ;Трудовой договор;1;Москва
ООО ТФН;Дивизион международного бизнеса;;;Директор дивизиона;Трудовой договор;1;Москва
ООО ТФН;Дивизион международного бизнеса;;;Координатор дивизиона;Трудовой договор;1;Москва
ООО ТФН;Дивизион Оптика;;;Менеджер по закупкам;Трудовой договор;1;Москва
ООО ТФН;Дивизион Оптика;;;Заместитель директора по оптическому каналу;Трудовой договор;1;Москва
ООО ТФН;Дивизион Оптика;;;Региональный менеджер по развитию г. Новосибирск;Трудовой договор;1;Новосибирск
ООО ТФН;Дивизион Оптика;;;Региональный менеджер по развитию;Трудовой договор;1;Москва
ООО ТФН;Дивизион Оптика;;;Региональный менеджер по развитию;Трудовой договор;1;Москва
ООО ТФН;Дивизион Оптика;;;Региональный менеджер по развитию;Трудовой договор;1;Москва
ООО ТФН;Дивизион Оптика;;;Менеджер по закупкам;Трудовой договор;1;Москва
ООО ТФН;Дивизион Оптика;;;Менеджер;Трудовой договор;1;Москва
ООО ТФН;Дивизион Оптика;;;Менеджер по продажам;Трудовой договор;1;Москва
ООО ТФН;Дивизион Оптика;;;Менеджер по продажам;Трудовой договор;1;Москва
ООО ТФН;Дивизион Оптика;;;Менеджер по продажам;Трудовой договор;1;Москва
ООО ТФН;Дивизион Оптика;;;Менеджер по продажам;Трудовой договор;1;Москва
ООО ТФН;Дивизион Оптика;;;Менеджер по продажам;Трудовой договор;1;Москва
ООО ТФН;Дивизион Оптика;;;Менеджер по продажам;Трудовой договор;1;Москва
ООО ТФН;Дивизион Оптика;;;Менеджер по продажам;Трудовой договор;1;Москва
ООО ТФН;Дивизион Оптика;;;Старший менеджер по продажам;Трудовой договор;1;Москва
ООО ТФН;Дивизион Оптика;;;Старший менеджер по продажам;Трудовой договор;1;Москва
ООО ТФН;Дивизион Оптика;;;Менеджер по работе с клиентами;Трудовой договор;1;Москва
ООО ТФН;Дивизион Оптика;;;Менеджер по работе с клиентами;Трудовой договор;1;Москва
ООО ТФН;Дивизион Оптика;;;Менеджер по работе с клиентами;Трудовой договор;1;Москва
ООО ТФН;Дивизион Оптика;;;Заместитель директора по неоптическому каналу;Трудовой договор;1;Москва
ООО ТФН;Дивизион Оптика;;;Региональный менеджер по развитию г. Краснодар;Трудовой договор;1;Краснодар
ООО ТФН;Дивизион Оптика;;;Директор дивизиона;Трудовой договор;1;Москва
ООО ТФН;Дивизион Оптика;;;Руководитель регионального развития;Трудовой договор;1;Москва
ООО ТФН;Дивизион Оптика;;;Бренд-менеджер;Трудовой договор;1;Москва
ООО ТФН;Дивизион Оптика;;;Ведущий бренд-менеджер;Трудовой договор;1;Москва
ООО ТФН;Дивизион Оптика;;;Региональный менеджер по развитию г. Екатеринбург;Трудовой договор;1;Екатеринбург
ООО ТФН;Дивизион МОБАЙЛ;;;Директор дивизиона;Трудовой договор;1;Москва
ООО ТФН;Дивизион МОБАЙЛ;;;Ассистент дивизиона;Трудовой договор;1;Москва
ООО ТФН;Дивизион МОБАЙЛ;;Отдел контроля;Менеджер по контролю;Трудовой договор;1;Москва
ООО ТФН;Дивизион МОБАЙЛ;;Отдел контроля;Менеджер по контролю;Трудовой договор;1;Москва
ООО ТФН;Дивизион МОБАЙЛ;;Отдел контроля;Менеджер по контролю;Трудовой договор;1;Москва
ООО ТФН;Дивизион МОБАЙЛ;;Отдел контроля;Менеджер по контролю;Трудовой договор;1;Москва
ООО ТФН;Дивизион МОБАЙЛ;;Отдел контроля;Менеджер по контролю;Трудовой договор;1;Москва
ООО ТФН;Дивизион МОБАЙЛ;;Отдел контроля;Менеджер по контролю;Трудовой договор;1;Москва
ООО ТФН;Дивизион МОБАЙЛ;;Отдел контроля;Руководитель отдела;Трудовой договор;1;Москва
ООО ТФН;Дивизион МОБАЙЛ;Департамент В2В;Отдел В2В;Менеджер по продажам;Трудовой договор;1;Москва
ООО ТФН;Дивизион МОБАЙЛ;Департамент В2В;Отдел В2В;Менеджер по работе с клиентами;Трудовой договор;1;Москва
ООО ТФН;Дивизион МОБАЙЛ;Департамент В2В;Отдел В2В;Руководитель отдела;Трудовой договор;1;Москва
ООО ТФН;Дивизион МОБАЙЛ;ОП Санкт-Петербург;;Системный администратор;Трудовой договор;1;Санкт-Петербург
ООО ТФН;Дивизион МОБАЙЛ;ОП Санкт-Петербург;;Офис-менеджер;Трудовой договор;1;Санкт-Петербург
ООО ТФН;Дивизион МОБАЙЛ;ОП Санкт-Петербург;;Региональный директор;Трудовой договор;1;Санкт-Петербург
ООО ТФН;Дивизион МОБАЙЛ;ОП Санкт-Петербург;;Личный помощник;Трудовой договор;1;Санкт-Петербург
ООО ТФН;Дивизион МОБАЙЛ;ОП Санкт-Петербург;;Заместитель регионального директора по продажам и логистике;Трудовой договор;1;Санкт-Петербург
ООО ТФН;Дивизион МОБАЙЛ;ОП Санкт-Петербург;Отдел электронная коммерция;Менеджер по развитию;Трудовой договор;1;Ижевск
ООО ТФН;Дивизион МОБАЙЛ;ОП Санкт-Петербург;Отдел электронная коммерция;Руководитель отдела;Трудовой договор;1;Санкт-Петербург
ООО ТФН;Дивизион МОБАЙЛ;ОП Санкт-Петербург;Отдел электронная коммерция;Специалист;Трудовой договор;1;Санкт-Петербург
ООО ТФН;Дивизион МОБАЙЛ;ОП Санкт-Петербург;Отдел электронная коммерция;Специалист;Трудовой договор;1;Санкт-Петербург
ООО ТФН;Дивизион МОБАЙЛ;ОП Санкт-Петербург;Отдел электронная коммерция;Специалист;Трудовой договор;1;Санкт-Петербург
ООО ТФН;Дивизион МОБАЙЛ;ОП Санкт-Петербург;Отдел электронная коммерция;Специалист по финансовому взаимодействию;Трудовой договор;1;Санкт-Петербург
ООО ТФН;Дивизион МОБАЙЛ;ОП Санкт-Петербург;Отдел логистика;Водитель-экспедитор;Трудовой договор;1;Санкт-Петербург
ООО ТФН;Дивизион МОБАЙЛ;ОП Санкт-Петербург;Отдел логистика;Водитель-экспедитор;Трудовой договор;1;Санкт-Петербург
ООО ТФН;Дивизион МОБАЙЛ;ОП Санкт-Петербург;Отдел логистика;Водитель-экспедитор;Трудовой договор;1;Санкт-Петербург
ООО ТФН;Дивизион МОБАЙЛ;ОП Санкт-Петербург;Отдел логистика;Кладовщик;Трудовой договор;1;Санкт-Петербург
ООО ТФН;Дивизион МОБАЙЛ;ОП Санкт-Петербург;Отдел логистика;Кладовщик;Трудовой договор;1;Санкт-Петербург
ООО ТФН;Дивизион МОБАЙЛ;ОП Санкт-Петербург;Отдел логистика;Начальник склада;Трудовой договор;1;Санкт-Петербург
ООО ТФН;Дивизион МОБАЙЛ;ОП Санкт-Петербург;Отдел логистика;Старший смены;Трудовой договор;1;Санкт-Петербург
ООО ТФН;Дивизион МОБАЙЛ;ОП Санкт-Петербург;Отдел оптика;Менеджер по развитию;Трудовой договор;1;Санкт-Петербург
ООО ТФН;Дивизион МОБАЙЛ;ОП Санкт-Петербург;Отдел оптика;Менеджер по продажам;Трудовой договор;1;Санкт-Петербург
ООО ТФН;Дивизион МОБАЙЛ;ОП Санкт-Петербург;Отдел оптика;Менеджер по работе с клиентами;Трудовой договор;1;Санкт-Петербург
ООО ТФН;Дивизион МОБАЙЛ;ОП Санкт-Петербург;Отдел мобайл и аксессуары;Менеджер по продажам;Трудовой договор;1;Санкт-Петербург
ООО ТФН;Дивизион МОБАЙЛ;ОП Санкт-Петербург;Отдел мобайл и аксессуары;Менеджер по продажам;Трудовой договор;1;Санкт-Петербург
ООО ТФН;Дивизион МОБАЙЛ;ОП Санкт-Петербург;Отдел мобайл и аксессуары;Менеджер по продажам;Трудовой договор;1;Санкт-Петербург
ООО ТФН;Дивизион МОБАЙЛ;ОП Санкт-Петербург;Отдел мобайл и аксессуары;Менеджер по продажам;Трудовой договор;1;Санкт-Петербург
ООО ТФН;Дивизион МОБАЙЛ;ОП Санкт-Петербург;Отдел мобайл и аксессуары;Менеджер по работе с клиентами;Трудовой договор;1;Санкт-Петербург
ООО ТФН;Дивизион МОБАЙЛ;ОП Санкт-Петербург;Отдел мобайл и аксессуары;Менеджер по работе с клиентами;Трудовой договор;1;Санкт-Петербург
ООО ТФН;Дивизион МОБАЙЛ;ОП Новосибирск;;Водитель-экспедитор;Трудовой договор;1;Новосибирск
ООО ТФН;Дивизион МОБАЙЛ;ОП Новосибирск;;Водитель-экспедитор;Трудовой договор;1;Новосибирск
ООО ТФН;Дивизион МОБАЙЛ;ОП Новосибирск;;Менеджер по продажам;Трудовой договор;1;Новосибирск
ООО ТФН;Дивизион МОБАЙЛ;ОП Новосибирск;;Менеджер по продажам;Трудовой договор;1;Новосибирск
ООО ТФН;Дивизион МОБАЙЛ;ОП Новосибирск;;Менеджер по продажам;Трудовой договор;1;Новосибирск
ООО ТФН;Дивизион МОБАЙЛ;ОП Новосибирск;;Старший кладовщик;Трудовой договор;1;Новосибирск
ООО ТФН;Дивизион МОБАЙЛ;ОП Новосибирск;;Старший кладовщик;Трудовой договор;1;Новосибирск
ООО ТФН;Дивизион МОБАЙЛ;ОП Новосибирск;;Менеджер по работе с клиентами;Трудовой договор;1;Новосибирск
ООО ТФН;Дивизион МОБАЙЛ;ОП Новосибирск;;Менеджер по работе с клиентами;Трудовой договор;1;Новосибирск
ООО ТФН;Дивизион МОБАЙЛ;ОП Новосибирск;;Менеджер по работе с клиентами;Трудовой договор;1;Новосибирск
ООО ТФН;Дивизион МОБАЙЛ;ОП Новосибирск;;Региональный директор;Трудовой договор;1;Новосибирск
ООО ТФН;Дивизион МОБАЙЛ;ОП Краснодар;;Кладовщик;Трудовой договор;1;Краснодар
ООО ТФН;Дивизион МОБАЙЛ;ОП Краснодар;;Водитель-экспедитор;Трудовой договор;1;Краснодар
ООО ТФН;Дивизион МОБАЙЛ;ОП Краснодар;;Менеджер по продажам;Трудовой договор;1;Краснодар
ООО ТФН;Дивизион МОБАЙЛ;ОП Краснодар;;Старший кладовщик;Трудовой договор;1;Краснодар
ООО ТФН;Дивизион МОБАЙЛ;ОП Краснодар;;Менеджер по работе с клиентами;Трудовой договор;1;
ООО ТФН;Дивизион МОБАЙЛ;ОП Краснодар;;Региональный директор;Трудовой договор;1;Краснодар
ООО ТФН;Дивизион МОБАЙЛ;ОП Екатеринбург;;Кладовщик;Трудовой договор;1;Екатеринбург
ООО ТФН;Дивизион МОБАЙЛ;ОП Екатеринбург;;Водитель-экспедитор;Трудовой договор;1;Екатеринбург
ООО ТФН;Дивизион МОБАЙЛ;ОП Екатеринбург;;Менеджер по продажам;Трудовой договор;1;Екатеринбург
ООО ТФН;Дивизион МОБАЙЛ;ОП Екатеринбург;;Менеджер по продажам;Трудовой договор;1;Екатеринбург
ООО ТФН;Дивизион МОБАЙЛ;ОП Екатеринбург;;Старший кладовщик;Трудовой договор;1;Екатеринбург
ООО ТФН;Дивизион МОБАЙЛ;ОП Екатеринбург;;Менеджер по работе с клиентами;Трудовой договор;1;Екатеринбург
ООО ТФН;Дивизион МОБАЙЛ;ОП Екатеринбург;;Менеджер по работе с клиентами;Трудовой договор;1;Екатеринбург
ООО ТФН;Дивизион МОБАЙЛ;ОП Екатеринбург;;Менеджер по работе с клиентами;Трудовой договор;1;Екатеринбург
ООО ТФН;Дивизион МОБАЙЛ;ОП Екатеринбург;;Менеджер по работе с клиентами;Трудовой договор;1;Екатеринбург
ООО ТФН;Дивизион МОБАЙЛ;ОП Екатеринбург;;Региональный директор;Трудовой договор;1;Екатеринбург
ООО ТФН;Дивизион МОБАЙЛ;ОП Екатеринбург;;Директор по развитию направления Пермь;Трудовой договор;1;Пермь
ООО ТФН;Дивизион МОБАЙЛ;ОП Екатеринбург;;Директор по развитию направления Новосибирск;Трудовой договор;1;Новосибирск
ООО ТФН;Дивизион МОБАЙЛ;ОП Екатеринбург;;Региональный менеджер по продажам аксессуаров;Трудовой договор;1;Екатеринбург
ООО ТФН;Дивизион МОБАЙЛ;ОП Екатеринбург;Отдел продаж АВТО;Инженер-консультант;Трудовой договор;1;Екатеринбург
ООО ТФН;Дивизион МОБАЙЛ;ОП Екатеринбург;Отдел продаж АВТО;Руководитель отдела;Трудовой договор;1;Екатеринбург
ООО ТФН;Дивизион МОБАЙЛ;;Отдел продаж;Менеджер по продажам;Трудовой договор;1;Москва
ООО ТФН;Дивизион МОБАЙЛ;;Отдел продаж;Менеджер по продажам;Трудовой договор;1;Москва
ООО ТФН;Дивизион МОБАЙЛ;;Отдел продаж;Менеджер по продажам;Трудовой договор;1;Москва
ООО ТФН;Дивизион МОБАЙЛ;;Отдел продаж;Менеджер по продажам;Трудовой договор;1;Москва
ООО ТФН;Дивизион МОБАЙЛ;;Отдел продаж;Менеджер по продажам;Трудовой договор;1;Москва
ООО ТФН;Дивизион МОБАЙЛ;;Отдел продаж;Менеджер по продажам;Трудовой договор;1;Москва
ООО ТФН;Дивизион МОБАЙЛ;;Отдел продаж;Менеджер по продажам;Трудовой договор;1;Москва
ООО ТФН;Дивизион МОБАЙЛ;;Отдел продаж;Менеджер по продажам;Трудовой договор;1;Москва
ООО ТФН;Дивизион МОБАЙЛ;;Отдел продаж;Менеджер по продажам;Трудовой договор;1;Москва
ООО ТФН;Дивизион МОБАЙЛ;;Отдел продаж;Менеджер по работе с клиентами;Трудовой договор;1;Москва
ООО ТФН;Дивизион МОБАЙЛ;;Отдел продаж;Менеджер по работе с клиентами;Трудовой договор;1;Москва
ООО ТФН;Дивизион МОБАЙЛ;;Отдел продаж;Менеджер по работе с клиентами;Трудовой договор;1;Москва
ООО ТФН;Дивизион МОБАЙЛ;;Отдел продаж;Менеджер по работе с клиентами;Трудовой договор;1;Москва
ООО ТФН;Дивизион МОБАЙЛ;;Отдел продаж;Менеджер по работе с клиентами;Трудовой договор;1;Москва
ООО ТФН;Дивизион МОБАЙЛ;;Отдел продаж;Менеджер по работе с клиентами;Трудовой договор;1;Москва
ООО ТФН;Дивизион МОБАЙЛ;;Отдел продаж;Менеджер по работе с клиентами;Трудовой договор;1;Москва
ООО ТФН;Дивизион МОБАЙЛ;;Отдел продаж;Руководитель группы продаж;Трудовой договор;1;Москва
ООО ТФН;Дивизион МОБАЙЛ;;Отдел продаж;Ассистент отдела;Трудовой договор;1;Москва
ООО ТФН;Дивизион МОБАЙЛ;;Отдел продаж;Менеджер по работе с клиентами;Трудовой договор;1;Москва
ООО ТФН;Дивизион МОБАЙЛ;;Отдел продаж;Менеджер по работе с клиентами;Трудовой договор;1;Москва
ООО ТФН;Дивизион МОБАЙЛ;;Отдел продаж;Менеджер по работе с клиентами;Трудовой договор;1;Москва
ООО ТФН;Департамент финансов;;Бухгалтерия;Бухгалтер по первичной документации;Трудовой договор;1;Москва
ООО ТФН;Дивизион МОБАЙЛ;;Отдел продаж;Менеджер по работе с клиентами;Трудовой договор;1;Москва
ООО ТФН;Дивизион МОБАЙЛ;;Отдел продаж;Менеджер по работе с клиентами;Трудовой договор;1;Москва
ООО ТФН;Дивизион МОБАЙЛ;;Отдел продаж;Менеджер по работе с клиентами;Трудовой договор;1;Москва
ООО ТФН;Дивизион МОБАЙЛ;;Отдел продаж;Менеджер по работе с клиентами;Трудовой договор;1;Москва
ООО ТФН;Дивизион МОБАЙЛ;;Отдел продаж;Руководитель группы продаж по г. Москве и МО;Трудовой договор;1;Москва
ООО ТФН;Дивизион МОБАЙЛ;;Отдел продаж;Руководитель группы продаж аксессуары;Трудовой договор;1;Москва
ООО ТФН;Дивизион МОБАЙЛ;;Отдел продаж;Руководитель группы продаж ЦФО;Трудовой договор;1;Москва
ООО ТФН;Дивизион МОБАЙЛ;;Отдел продаж;Руководитель группы продаж ЮФО;Трудовой договор;1;Москва
ООО ТФН;Дивизион МОБАЙЛ;;Отдел продаж;Менеджер по работе с маркетплейсами;Трудовой договор;1;Москва
ООО ТФН;Дивизион МОБАЙЛ;;Отдел продаж;Менеджер по работе с маркетплейсами;Трудовой договор;1;Москва
ООО ТФН;Дивизион МОБАЙЛ;;Отдел продаж;Ведущий менеджер по развитию продаж;Трудовой договор;1;Москва
ООО ТФН;Дивизион МОБАЙЛ;;Отдел продаж Сети;Менеджер по продажам;Трудовой договор;1;Москва
ООО ТФН;Дивизион МОБАЙЛ;;Отдел продаж Сети;Менеджер по продажам;Трудовой договор;1;Москва
ООО ТФН;Дивизион МОБАЙЛ;;Отдел продаж Сети;Менеджер по работе с клиентами;Трудовой договор;1;Москва
ООО ТФН;Дивизион МОБАЙЛ;Департамент В2В;Отдел В2В;Менеджер по работе с клиентами;Трудовой договор;1;Москва
ООО ТФН;Дивизион МОБАЙЛ;;Отдел продаж Сети;Менеджер по работе с клиентами;Трудовой договор;1;Москва
ООО ТФН;Дивизион МОБАЙЛ;;Отдел продаж Сети;Менеджер по работе с клиентами;Трудовой договор;1;Москва
ООО ТФН;Дивизион МОБАЙЛ;;Отдел по направлению AR/VR;Менеджер по AR/VR продуктам;Трудовой договор;0.5;
ООО ТФН;Дивизион МОБАЙЛ;Департамент рекламации;;Директор департамента;Трудовой договор;1;Москва
ООО ТФН;Дивизион МОБАЙЛ;Департамент рекламации;;Специалист службы поддержки клиентов;Трудовой договор;1;Москва
ООО ТФН;Дивизион МОБАЙЛ;Департамент рекламации;;Специалист службы поддержки клиентов;Трудовой договор;1;Москва
ООО ТФН;Дивизион МОБАЙЛ;Департамент рекламации;;Специалист службы поддержки клиентов;Трудовой договор;1;Москва
ООО ТФН;Дивизион МОБАЙЛ;Департамент рекламации;;Специалист службы поддержки клиентов;Трудовой договор;1;Москва
ООО ТФН;Дивизион МОБАЙЛ;Департамент рекламации;Отдел сопровождения возвратов;Специалист;Трудовой договор;1;Москва
ООО ТФН;Дивизион МОБАЙЛ;Департамент рекламации;Отдел сопровождения возвратов;Руководитель отдела;Трудовой договор;1;Москва
ООО ТФН;Дивизион МОБАЙЛ;;Отдел продаж аксессуаров;Менеджер по продажам;Трудовой договор;1;Москва
ООО ТФН;Дивизион МОБАЙЛ;;Отдел продаж аксессуаров;Руководитель отдела;Трудовой договор;1;Москва
ООО ТФН;Дивизион аксессуары;;;Менеджер по продажам;Трудовой договор;1;Москва
ООО ТФН;Дивизион аксессуары;;;Менеджер по продажам;Трудовой договор;1;Москва
ООО ТФН;Дивизион аксессуары;;;Менеджер по работе с клиентами;Трудовой договор;1;Москва
ООО ТФН;Департамент закупок;;;Специалист;Трудовой договор;1;Москва
ООО ТФН;Департамент закупок;;;Специалист;Трудовой договор;1;Москва
ООО ТФН;Департамент закупок;;;Специалист;Трудовой договор;1;Москва
ООО ТФН;Департамент закупок;;;Специалист;Трудовой договор;1;Москва
ООО ТФН;Департамент закупок;;;Специалист;Трудовой договор;1;Москва
ООО ТФН;Департамент закупок;;;Специалист;Трудовой договор;1;Москва
ООО ТФН;Департамент закупок;;;Директор департамента;Трудовой договор;1;Москва
ООО ТФН;Департамент закупок;;;Менеджер по внешней логистике;Трудовой договор;1;Москва
ООО ТФН;Департамент закупок;;;Менеджер по внешней логистике;Трудовой договор;1;Москва
ООО ТФН;Департамент закупок;;;Менеджер по внешней логистике;Трудовой договор;1;Москва
ООО ТФН;Департамент закупок;;;Менеджер по внешней логистике;Трудовой договор;1;Москва
ООО ТФН;Департамент закупок;;;Старший менеджер по внешней логистике;Трудовой договор;1;Москва
ООО ТФН;Департамент закупок;;;Старший специалист;Трудовой договор;1;Москва
ООО ТФН;Департамент закупок;;;Бренд-менеджер;Трудовой договор;1;Москва
ООО ТФН;Департамент закупок;;;Бренд-менеджер;Трудовой договор;1;Москва
ООО ТФН;Департамент закупок;;;Бренд-менеджер;Трудовой договор;1;Москва
ООО ТФН;Департамент закупок;;;Бренд-менеджер;Трудовой договор;1;Москва
ООО ТФН;Департамент закупок;;;Бренд-менеджер;Трудовой договор;1;Москва
ООО ТФН;Департамент закупок;;;Ведущий специалист;Трудовой договор;1;Москва
ООО ТФН;Департамент закупок;;;Ведущий бренд-менеджер;Трудовой договор;1;Москва
ООО ТФН;Департамент закупок;;;Младший бренд-менеджер;Трудовой договор;1;Москва
ООО ТФН;Департамент закупок;;;Младший бренд-менеджер;Трудовой договор;1;Москва
ООО ТФН;Департамент финансов;;;Директор департамента;Трудовой договор;1;Москва
ООО ТФН;Департамент финансов;;;Ассистент департамента;Трудовой договор;1;Москва
ООО ТФН;Департамент финансов;;Юридический отдел;Руководитель отдела;Трудовой договор;1;Москва
ООО ТФН;Департамент финансов;;Юридический отдел;Старший юрисконсульт;Трудовой договор;1;Москва
ООО ТФН;Департамент финансов;;Юридический отдел;Юрист по судебно-претензионной работе;Трудовой договор;1;Москва
ООО ТФН;Департамент финансов;;Казначейство;Главный специалист;Трудовой договор;1;Москва
ООО ТФН;Департамент финансов;;Планово-экономический отдел;Руководитель отдела;Трудовой договор;1;Москва
ООО ТФН;Департамент финансов;;Планово-экономический отдел;Главный специалист;Трудовой договор;1;Москва
ООО ТФН;Департамент финансов;;Планово-экономический отдел;Главный специалист;Трудовой договор;1;Москва
ООО ТФН;Департамент финансов;;Планово-экономический отдел;Главный специалист;Трудовой договор;1;Москва
ООО ТФН;Департамент финансов;;Планово-экономический отдел;Главный специалист;Трудовой договор;1;Москва
ООО ТФН;Департамент финансов;;Планово-экономический отдел;Ведущий специалист;Трудовой договор;1;Санкт-Петербург
ООО ТФН;Департамент финансов;;Планово-экономический отдел;Специалист по дебиторской задолженности;Трудовой договор;1;Москва
ООО ТФН;Департамент финансов;;Казначейство;Специалист;Трудовой договор;1;Москва
ООО ТФН;Департамент финансов;;Казначейство;Руководитель отдела;Трудовой договор;1;Москва
ООО ТФН;Департамент финансов;;Казначейство;Ведущий специалист;Трудовой договор;1;Москва
ООО ТФН;Департамент финансов;;Казначейство;Ведущий специалист;Трудовой договор;1;Москва
ООО ТФН;Департамент финансов;;Казначейство;Главный специалист;Трудовой договор;1;Москва
ООО ТФН;Департамент финансов;;Казначейство;Ведущий специалист;Трудовой договор;1;Москва
ООО ТФН;Департамент финансов;;Бухгалтерия;Бухгалтер по расчету заработной платы;Трудовой договор;1;Москва
ООО ТФН;Департамент финансов;;Бухгалтерия;Бухгалтер по работе с обособленными подразделениями;Трудовой договор;1;Москва
ООО ТФН;Департамент финансов;;Бухгалтерия;Бухгалтер;Трудовой договор;1;Москва
ООО ТФН;Департамент финансов;;Бухгалтерия;Бухгалтер;Трудовой договор;1;Москва
ООО ТФН;Департамент финансов;;Бухгалтерия;Бухгалтер;Трудовой договор;1;Москва
ООО ТФН;Департамент финансов;;Бухгалтерия;Бухгалтер;Трудовой договор;1;Москва
ООО ТФН;Департамент финансов;;Бухгалтерия;Бухгалтер;Трудовой договор;1;Москва
ООО ТФН;Департамент финансов;;Бухгалтерия;Бухгалтер;Трудовой договор;1;Москва
ООО ТФН;Департамент финансов;;Бухгалтерия;Главный бухгалтер;Трудовой договор;1;Москва
ООО ТФН;Департамент финансов;;Бухгалтерия;Бухгалтер;Трудовой договор;1;Москва
ООО ТФН;Департамент финансов;;Бухгалтерия;Бухгалтер;Трудовой договор;1;Москва
ООО ТФН;Департамент финансов;;Бухгалтерия;Бухгалтер на расчетном счете;Трудовой договор;1;Москва
ООО ТФН;Департамент финансов;;Бухгалтерия;Заместитель главного бухгалтера;Трудовой договор;1;Москва
ООО ТФН;Департамент Проектный офис;;;Директор департамента;Трудовой договор;1;Москва
ООО ТФН;Департамент Проектный офис;;;Специалист;Трудовой договор;1;Москва
ООО ТФН;Департамент Проектный офис;;;Специалист;Трудовой договор;1;Москва
ООО ТФН;Дивизион СТМ;;;Менеджер по маркетингу;Трудовой договор;1;Москва
ООО ТФН;Дивизион СТМ;;;Дизайнер-верстальщик;Трудовой договор;1;Санкт-Петербург
ООО ТФН;Дивизион СТМ;;;Директор дивизиона;Трудовой договор;1;Москва
ООО ТФН;Дивизион СТМ;;;Тренинг-менеджер;Трудовой договор;1;Москва
ООО ТФН;Дивизион СТМ;;Продуктовый отдел;Продакт-менеджер;Трудовой договор;1;Москва
ООО ТФН;Дивизион СТМ;;Продуктовый отдел;Продакт-менеджер;Трудовой договор;1;Москва
ООО ТФН;Дивизион СТМ;;Продуктовый отдел;Продакт-менеджер;Трудовой договор;1;Москва
ООО ТФН;Дивизион СТМ;;Продуктовый отдел;Продакт-менеджер;Трудовой договор;1;Москва
ООО ТФН;Дивизион СТМ;;Продуктовый отдел;Руководитель отдела;Трудовой договор;1;Москва
ООО ТФН;Дивизион СТМ;;Продуктовый отдел;Старший продакт-менеджер;Трудовой договор;1;Москва
ООО ТФН;Дивизион СТМ;;Продуктовый отдел;Специалист по закупкам;Трудовой договор;1;Москва
ООО ТФН;Дивизион СТМ;;Продуктовый отдел;Специалист по закупкам;Трудовой договор;1;Москва
ООО ТФН;Дивизион СТМ;;Продуктовый отдел;Специалист по закупкам;Трудовой договор;1;Москва
ООО ТФН;Дивизион СТМ;;Продуктовый отдел;Менеджер-Mobile по производству;Трудовой договор;1;Москва
ООО ТФН;Дивизион СТМ;;Отдел развития;Менеджер по работе с клиентами;Трудовой договор;1;Москва
ООО ТФН;Дивизион СТМ;;Отдел развития;Менеджер по работе с клиентами;Трудовой договор;1;Москва
ООО ТФН;Дивизион СТМ;;Отдел развития;Руководитель отдела;Трудовой договор;1;Москва
ООО ТФН;Дивизион СТМ;;Отдел развития;Торговый представитель;Трудовой договор;1;Москва
ООО ТФН;Дивизион СТМ;;Отдел развития;Руководитель федеральной сети;Трудовой договор;1;Москва
ООО ТФН;Дивизион СТМ;;Отдел развития;Менеджер по ключевым клиентам федеральной сети;Трудовой договор;1;Москва
ООО ТФН;Дивизион СТМ;;Отдел развития;Руководитель FOOD&DIY;Трудовой договор;1;Москва
ООО ТФН;Дивизион СТМ;;Отдел развития;Руководитель AUTO;Трудовой договор;1;Москва
ООО ТФН;Департамент логистики;ОП Саларьево;Склад Саларьево;Начальник склада;Трудовой договор;1;Москва
ООО ТФН;Департамент логистики;ОП Саларьево;Склад Саларьево;Заместитель начальника склада;Трудовой договор;1;Москва
ООО ТФН;Департамент логистики;ОП Саларьево;Склад Саларьево;Старший кладовщик;Трудовой договор;1;Москва
ООО ТФН;Департамент логистики;ОП Саларьево;Склад Саларьево;Старший кладовщик;Трудовой договор;1;Москва
ООО ТФН;Департамент логистики;ОП Саларьево;Склад Саларьево;Старший кладовщик;Трудовой договор;1;Москва
ООО ТФН;Департамент логистики;ОП Саларьево;Склад Саларьево;Старший кладовщик;Трудовой договор;1;Москва
ООО ТФН;Департамент логистики;ОП Саларьево;Склад Саларьево;Старший кладовщик;Трудовой договор;1;Москва
ООО ТФН;Департамент логистики;ОП Саларьево;Склад Саларьево;Старший кладовщик;Трудовой договор;1;Москва
ООО ТФН;Департамент логистики;ОП Саларьево;Склад Саларьево;Старший кладовщик;Трудовой договор;1;Москва
ООО ТФН;Департамент логистики;ОП Саларьево;Склад Саларьево;Старший кладовщик;Трудовой договор;1;Москва
ООО ТФН;Департамент логистики;ОП Саларьево;Склад Саларьево;Кладовщик-комплектовщик;Трудовой договор;1;Москва
ООО ТФН;Департамент логистики;ОП Саларьево;Склад Саларьево;Кладовщик-комплектовщик;Трудовой договор;1;Москва
ООО ТФН;Департамент логистики;ОП Саларьево;Склад Саларьево;Кладовщик-комплектовщик;Трудовой договор;1;Москва
ООО ТФН;Департамент логистики;ОП Саларьево;Склад Саларьево;Кладовщик-комплектовщик;Трудовой договор;1;Москва
ООО ТФН;Департамент логистики;ОП Саларьево;Склад Саларьево;Кладовщик-комплектовщик;Трудовой договор;1;Москва
ООО ТФН;Департамент логистики;ОП Саларьево;Склад Саларьево;Кладовщик-комплектовщик;Трудовой договор;1;Москва
ООО ТФН;Департамент логистики;ОП Саларьево;Склад Саларьево;Кладовщик-комплектовщик;Трудовой договор;1;Москва
ООО ТФН;Департамент логистики;ОП Саларьево;Склад Саларьево;Кладовщик-комплектовщик;Трудовой договор;1;Москва
ООО ТФН;Департамент логистики;ОП Саларьево;Склад Саларьево;Кладовщик-комплектовщик;Трудовой договор;1;Москва
ООО ТФН;Департамент логистики;ОП Саларьево;Склад Саларьево;Кладовщик-комплектовщик;Трудовой договор;1;Москва
ООО ТФН;Департамент логистики;ОП Саларьево;Склад Саларьево;Кладовщик-комплектовщик;Трудовой договор;1;Москва
ООО ТФН;Департамент логистики;ОП Саларьево;Склад Саларьево;Кладовщик-комплектовщик;Трудовой договор;1;Москва
ООО ТФН;Департамент логистики;ОП Саларьево;Склад Саларьево;Кладовщик-комплектовщик;Трудовой договор;1;Москва
ООО ТФН;Департамент логистики;ОП Саларьево;Склад Саларьево;Кладовщик-комплектовщик;Трудовой договор;1;Москва
ООО ТФН;Департамент логистики;ОП Саларьево;Склад Саларьево;Кладовщик-комплектовщик;Трудовой договор;1;Москва
ООО ТФН;Департамент логистики;ОП Саларьево;Склад Саларьево;Кладовщик-комплектовщик;Трудовой договор;1;Москва
ООО ТФН;Департамент логистики;ОП Саларьево;Склад Саларьево;Кладовщик-комплектовщик;Трудовой договор;1;Москва
ООО ТФН;Департамент логистики;ОП Саларьево;Склад Саларьево;Кладовщик-комплектовщик;Трудовой договор;1;Москва
ООО ТФН;Департамент логистики;ОП Саларьево;Склад Саларьево;Кладовщик-комплектовщик;Трудовой договор;1;Москва
ООО ТФН;Департамент логистики;ОП Саларьево;Склад Саларьево;Кладовщик-комплектовщик;Трудовой договор;1;Москва
ООО ТФН;Департамент логистики;ОП Саларьево;Склад Саларьево;Кладовщик-комплектовщик;Трудовой договор;1;Москва
ООО ТФН;Департамент логистики;ОП Саларьево;Склад Саларьево;Кладовщик-комплектовщик;Трудовой договор;1;Москва
ООО ТФН;Департамент логистики;ОП Саларьево;Склад Саларьево;Кладовщик-комплектовщик;Трудовой договор;1;Москва
ООО ТФН;Департамент логистики;ОП Саларьево;Склад Саларьево;Кладовщик-комплектовщик;Трудовой договор;1;Москва
ООО ТФН;Департамент логистики;ОП Саларьево;Склад Саларьево;Кладовщик-комплектовщик;Трудовой договор;1;Москва
ООО ТФН;Департамент логистики;ОП Саларьево;Склад Саларьево;Кладовщик-комплектовщик;Трудовой договор;1;Москва
ООО ТФН;Департамент логистики;ОП Саларьево;Склад Саларьево;Кладовщик-комплектовщик;Трудовой договор;1;Москва
ООО ТФН;Департамент логистики;ОП Саларьево;Склад Саларьево;Кладовщик-комплектовщик;Трудовой договор;1;Москва
ООО ТФН;Департамент логистики;ОП Саларьево;Склад Саларьево;Кладовщик-комплектовщик;Трудовой договор;1;Москва
ООО ТФН;Департамент логистики;ОП Саларьево;Склад Саларьево;Кладовщик-комплектовщик;Трудовой договор;1;Москва
ООО ТФН;Департамент логистики;ОП Саларьево;Склад Саларьево;Кладовщик-комплектовщик;Трудовой договор;1;Москва
ООО ТФН;Департамент логистики;ОП Саларьево;Склад Саларьево;Кладовщик-комплектовщик;Трудовой договор;1;Москва
ООО ТФН;Департамент логистики;ОП Саларьево;Склад Саларьево;Кладовщик-комплектовщик;Трудовой договор;1;Москва
ООО ТФН;Департамент логистики;ОП Саларьево;Склад Саларьево;Кладовщик-комплектовщик;Трудовой договор;1;Москва
ООО ТФН;Департамент логистики;ОП Саларьево;Склад Саларьево;Кладовщик-комплектовщик;Трудовой договор;1;Москва
ООО ТФН;Департамент логистики;ОП Саларьево;Склад Саларьево;Кладовщик-комплектовщик;Трудовой договор;1;Москва
ООО ТФН;Департамент логистики;ОП Саларьево;Склад Саларьево;Кладовщик-комплектовщик;Трудовой договор;1;Москва
ООО ТФН;Департамент логистики;ОП Саларьево;Склад Саларьево;Кладовщик-комплектовщик;Трудовой договор;1;Москва
ООО ТФН;Департамент логистики;ОП Саларьево;Склад Саларьево;Кладовщик-комплектовщик;Трудовой договор;1;Москва
ООО ТФН;Департамент логистики;ОП Саларьево;Склад Саларьево;Кладовщик-комплектовщик;Трудовой договор;1;Москва
ООО ТФН;Департамент логистики;ОП Саларьево;Склад Саларьево;Кладовщик-комплектовщик;Трудовой договор;1;Москва
ООО ТФН;Департамент логистики;ОП Саларьево;Склад Саларьево;Кладовщик-комплектовщик;Трудовой договор;1;Москва
ООО ТФН;Департамент логистики;ОП Саларьево;Склад Саларьево;Кладовщик-комплектовщик;Трудовой договор;1;Москва
ООО ТФН;Департамент логистики;ОП Саларьево;Склад Саларьево;Кладовщик-комплектовщик;Трудовой договор;1;Москва
ООО ТФН;Департамент логистики;ОП Саларьево;Склад Саларьево;Кладовщик-комплектовщик;Трудовой договор;1;Москва
ООО ТФН;Департамент логистики;ОП Саларьево;Склад Саларьево;Кладовщик-комплектовщик;Трудовой договор;1;Москва
ООО ТФН;Департамент логистики;ОП Саларьево;Склад Саларьево;Оператор;Трудовой договор;1;Москва
ООО ТФН;Департамент логистики;ОП Саларьево;Склад Саларьево;Оператор;Трудовой договор;1;Москва
ООО ТФН;Департамент логистики;ОП Саларьево;Склад Саларьево;Оператор;Трудовой договор;1;Москва
ООО ТФН;Департамент логистики;ОП Саларьево;Склад Саларьево;Старший смены №1;Трудовой договор;1;Москва
ООО ТФН;Департамент логистики;ОП Саларьево;Склад Саларьево;Старший смены №2;Трудовой договор;1;Москва
ООО ТФН;Департамент логистики;ОП Саларьево;Склад Саларьево;Старший смены №2;Трудовой договор;1;Москва
ООО ТФН;Департамент логистики;ОП Саларьево;Склад Саларьево;Менеджер склада;Трудовой договор;1;Москва
ООО ТФН;Департамент логистики;ОП Саларьево;Склад Саларьево;Диспетчер;Трудовой договор;1;Москва
ООО ТФН;Департамент логистики;ОП Саларьево;Склад Саларьево;Диспетчер;Трудовой договор;1;Москва
ООО ТФН;Департамент логистики;ОП Саларьево;Склад Саларьево;Заместитель начальника склада по приему товара;Трудовой договор;1;Москва
ООО ТФН;Департамент логистики;ОП Саларьево;Склад Саларьево;Водитель рич-трака;Трудовой договор;1;Москва
ООО ТФН;Департамент логистики;ОП Саларьево;Склад Саларьево;Водитель рич-трака;Трудовой договор;1;Москва
ООО ТФН;Департамент логистики;ОП Саларьево;Склад Саларьево;Водитель рич-трака;Трудовой договор;1;Москва
ООО ТФН;Департамент логистики;ОП Саларьево;Склад Саларьево;Водитель рич-трака;Трудовой договор;1;Москва
ООО ТФН;Департамент логистики;ОП Саларьево;Склад Саларьево;Водитель рич-трака;Трудовой договор;1;Москва
ООО ТФН;Дивизион МОБАЙЛ;Департамент рекламации;Отдел возвратов ОП Саларьево;Руководитель отдела;Трудовой договор;1;Москва
ООО ТФН;Дивизион МОБАЙЛ;Департамент рекламации;Отдел возвратов ОП Саларьево;Товаровед;Трудовой договор;1;Москва
ООО ТФН;Дивизион МОБАЙЛ;Департамент рекламации;Отдел возвратов ОП Саларьево;Инженер по гарантии;Трудовой договор;1;Москва
TFN Trading;Дивизион международного бизнеса;Филиал г. Рига;;Исполнительный директор;Трудовой договор;1;Латвия, Рига
TFN Trading;Дивизион международного бизнеса;Филиал г. Рига;;Главный бухгалтер;Трудовой договор;1;Латвия, Рига
TFN Trading;Дивизион международного бизнеса;Филиал г. Рига;;Руководитель продаж;Трудовой договор;1;Латвия, Рига
TFN Trading;Дивизион международного бизнеса;Филиал г. Рига;;Менеджер по продажам;Трудовой договор;1;Латвия, Рига
TFN Trading;Дивизион международного бизнеса;Филиал г. Рига;;Менеджер по продукту;Трудовой договор;1;Латвия, Рига
ООО Мега-Ф Сервис;Дирекция;;;Внештатный сотрудник;ГПХ;1;
ООО Мега-Ф Сервис;Умный Дом;ОП Санкт-Петербург;;Старший программист группы ядра;ГПХ;1;Санкт-Петербург
ООО Мега-Ф Сервис;Умный Дом;ОП Санкт-Петербург;;Старший программист группы ядра;ГПХ;1;Санкт-Петербург
ООО Мега-Ф Сервис;Умный Дом;ОП Санкт-Петербург;Отдел разработки;Внештатный сотрудник;ГПХ;1;
ООО ТФН;Дирекция;;;Внештатный сотрудник;ГПХ;1;
ООО ТФН;Дивизион СТМ;;;Внештатный сотрудник;ГПХ;1;
ООО ТФН;Дивизион СТМ;;;Внештатный сотрудник;ГПХ;1;
ООО ТФН;IT-департамент;;;Внештатный сотрудник;ГПХ;1;
ООО ТФН;IT-департамент;;;Внештатный сотрудник;ГПХ;1;
ООО ТФН;Дивизион МОБАЙЛ;ОП Санкт-Петербург;;Внештатный сотрудник;ГПХ;1;
ООО Мега-Ф Сервис;Умный Дом;ОП Санкт-Петербург;;Внештатный сотрудник;ГПХ;1;
ООО Мега-Ф Сервис;Умный Дом;ОП Санкт-Петербург;;Внештатный сотрудник;ГПХ;1;
ООО ТФН;Дивизион Оптика;;;Внештатный сотрудник;ГПХ;1;
ООО ТФН;Дивизион МОБАЙЛ;ОП Санкт-Петербург;;Внештатный сотрудник;ГПХ;1;
ООО ТФН;HR-департамент;;Отдел персонала;Внештатный сотрудник;ГПХ;1;
ООО ТФН;HR-департамент;;Отдел персонала;Внештатный сотрудник;ГПХ;1;
ООО ТФН;Дивизион МОБАЙЛ;;Отдел продаж;Менеджер по продажам;ГПХ;1;Москва
ООО ТФН;Департамент логистики;;Склад;Кладовщик-комплектовщик;Трудовой договор;1;Москва
ООО ТФН;Департамент закупок;;;Младший бренд-менеджер;Трудовой договор;1;Москва
ООО ТФН;Департамент логистики;ОП Саларьево;Склад Саларьево;Кладовщик-комплектовщик;Трудовой договор;1;Москва
ООО ТФН;HR-департамент;;Отдел персонала;Менеджер по персоналу;Трудовой договор;1;Москва
ООО Мега-Ф Сервис;Департамент логистики;;Цех;Техник-программист;Трудовой договор;1;Москва
ООО ТФН;Департамент логистики;ОП Саларьево;Склад Саларьево;Кладовщик-комплектовщик;Трудовой договор;1;Москва
ООО ТФН;Департамент логистики;;Склад;Кладовщик-комплектовщик;Трудовой договор;1;Москва
ООО ТФН;IT-департамент;;Отдел ERP-систем;Консультант SAP MM/SD;Трудовой договор;1;Москва
ООО ТФН;Департамент закупок;;;Младший бренд-менеджер;Трудовой договор;1;Москва
ООО ТФН;Дивизион МОБАЙЛ;ОП Санкт-Петербург;Отдел электронная коммерция;Специалист;Трудовой договор;1;Санкт-Петербург
ООО ТФН;Дивизион МОБАЙЛ;ОП Санкт-Петербург;Отдел электронная коммерция;Специалист по закупкам;Трудовой договор;1;Санкт-Петербург
ООО ТФН;Департамент маркетинга;;Отдел маркетинга и рекламы;Ассистент отдела;Трудовой договор;1;Москва
ООО ТФН;Департамент логистики;ОП Саларьево;Склад Саларьево;Диспетчер;Трудовой договор;1;Москва
ООО Мега-Ф Сервис;Умный Дом;ОП Санкт-Петербург;Отдел разработки;Младший инженер-программист;Трудовой договор;1;Санкт-Петербург
ООО ТФН;Дивизион СТМ;;Отдел развития;Менеджер по работе с клиентами;Трудовой договор;1;Москва
ООО ТФН;Департамент логистики;;Склад;Кладовщик-комплектовщик;Трудовой договор;1;Москва
ООО ТФН;Дивизион МОБАЙЛ;ОП Екатеринбург;;Менеджер по работе с клиентами;Трудовой договор;1;Екатеринбург
ООО ТФН;Департамент логистики;;Транспортный отдел;Водитель-экспедитор;Трудовой договор;1;Москва
ООО ТФН;Дивизион МОБАЙЛ;ОП Новосибирск;;Менеджер по работе с клиентами;Трудовой договор;1;Новосибирск
ООО ТФН;Дивизион СТМ;;Продуктовый отдел;Ассистент отдела закупок;ГПХ;1;Москва
ООО ТФН;Департамент логистики;;Склад;Кладовщик-комплектовщик;Трудовой договор;1;Москва
ООО ТФН;Административно-хозяйственный отдел;;;Техник-электрик;Трудовой договор;1;Москва
ООО ТФН;Департамент логистики;;Склад;Кладовщик-комплектовщик;Трудовой договор;1;Москва
ООО ТФН;Дивизион МОБАЙЛ;;Отдел продаж Сети;Менеджер по работе с клиентами;Трудовой договор;1;Москва
ООО ТФН;Дивизион МОБАЙЛ;;Отдел по направлению AR/VR;Менеджер по работе с клиентами VR и AR;Трудовой договор;1;Москва
ООО ТФН;Департамент логистики;;Склад;Кладовщик-комплектовщик;Трудовой договор;1;Москва
ООО ТФН;Департамент логистики;ОП Саларьево;Склад Саларьево;Кладовщик-комплектовщик;Трудовой договор;1;Москва
ООО ТФН;Дивизион МОБАЙЛ;;Отдел по направлению AR/VR;Руководитель направления AR/VR;Трудовой договор;1;Москва
ООО ТФН;Дивизион МОБАЙЛ;;Отдел продаж;Менеджер по работе с клиентами;Трудовой договор;1;Москва
ООО ТФН;Департамент логистики;ОП Саларьево;Склад Саларьево;Кладовщик-комплектовщик;Трудовой договор;1;Москва
ООО ТФН;Департамент логистики;;Склад;Кладовщик-комплектовщик;Трудовой договор;1;Москва
ООО ТФН;Дивизион Оптика;;;Менеджер по работе с клиентами;Трудовой договор;1;Москва
ООО ТФН;Департамент логистики;ОП Саларьево;Склад Саларьево;Кладовщик-комплектовщик;Трудовой договор;1;Москва
ООО ТФН;Департамент логистики;ОП Саларьево;Склад Саларьево;Кладовщик-комплектовщик;Трудовой договор;1;Москва
ООО ТФН;Дивизион СТМ;;Отдел развития;Менеджер по работе с клиентами;Трудовой договор;1;Москва
ООО ТФН;Дивизион АВТО;;Отдел по работе с представительствами автопроизводителей;Ассистент отдела;Трудовой договор;1;Москва
ООО ТФН;Департамент логистики;ОП Саларьево;Склад Саларьево;Кладовщик-комплектовщик;Трудовой договор;1;Москва
ООО ТФН;Департамент логистики;;Склад;Кладовщик-комплектовщик;Трудовой договор;1;Москва
ООО ТФН;Департамент логистики;;Отдел региональной доставки;Менеджер по транспортной логистике;Трудовой договор;1;Москва
ООО ТФН;IT-департамент;;Отдел ERP-систем;Консультант SAP PM-CS;Трудовой договор;1;Москва
ООО Мега-Ф Сервис;Департамент логистики;;Цех;Техник-программист;Трудовой договор;1;Москва
ООО Мега-Ф Сервис;Умный Дом;ОП Санкт-Петербург;Отдел разработки;Senior Android;ГПХ;1;Санкт-Петербург
ООО ТФН;Дивизион Оптика;;;Сервис-менеджер;Трудовой договор;1;Москва
ООО ТФН;Департамент логистики;ОП Саларьево;Склад Саларьево;Кладовщик-комплектовщик;Трудовой договор;1;Москва
ООО ТФН;HR-департамент;;Отдел персонала;Ведущий менеджер по персоналу;Трудовой договор;1;Москва
ООО ТФН;Департамент логистики;ОП Саларьево;Склад Саларьево;Кладовщик-комплектовщик;Трудовой договор;1;Москва
ООО ТФН;Департамент логистики;ОП Саларьево;Склад Саларьево;Кладовщик-комплектовщик;Трудовой договор;1;Москва
ООО ТФН;Департамент логистики;;;Менеджер по логистике;ГПХ;1;Москва
ООО ТФН;Департамент логистики;;;Менеджер по логистике;ГПХ;1;Москва
ООО ТФН;Департамент логистики;;;Менеджер по логистике;ГПХ;1;Москва
ООО ТФН;Департамент логистики;ОП Саларьево;Склад Саларьево;Кладовщик-комплектовщик;Трудовой договор;1;Москва
ООО ТФН;IT-департамент;;Отдел WEB-разработки;Web-программист;Трудовой договор;1;Москва
ООО Мега-Ф Сервис;Умный Дом;ОП Санкт-Петербург;Отдел разработки;Младший IOS программист;Трудовой договор;1;Санкт-Петербург
ООО ТФН;Департамент логистики;ОП Саларьево;Склад Саларьево;Кладовщик-комплектовщик;Трудовой договор;1;Москва
ООО ТФН;Департамент закупок;;;Специалист;Трудовой договор;1;Москва
ООО ТФН;Департамент логистики;ОП Саларьево;Склад Саларьево;Кладовщик-комплектовщик;Трудовой договор;1;Москва
ООО ТФН;Дивизион СТМ;;Продуктовый отдел;Ассистент отдела;Трудовой договор;1;Москва
ООО ТФН;Департамент финансов;;Бухгалтерия;Бухгалтер;Трудовой договор;1;Москва
ООО ТФН;IT-департамент;;Отдел ERP-систем;Программист АВАР;ГПХ;1;Астана
ООО ТФН;IT-департамент;;Отдел ERP-систем;Программист АВАР;ГПХ;1;Нур-Султан, Казахстан
ООО ТФН;Департамент логистики;ОП Саларьево;Склад Саларьево;Кладовщик-комплектовщик;Трудовой договор;1;Москва
ООО ТФН;Дивизион МОБАЙЛ;ОП Краснодар;;Менеджер по работе с клиентами;Трудовой договор;1;Краснодар
ООО ТФН;Департамент логистики;ОП Саларьево;Склад Саларьево;Кладовщик-комплектовщик;Трудовой договор;1;Москва
ООО ТФН;Департамент логистики;ОП Саларьево;Склад Саларьево;Кладовщик-комплектовщик;Трудовой договор;1;Москва
ООО ТФН;IT-департамент;;Отдел ERP-систем;Консультант SAP EWM;Трудовой договор;1;Москва
ТОО TFN-KZ;Дивизион международного бизнеса;Филиал Казахстан;;Бухгалтер;Трудовой договор;1;Алматы, Казахстан
ООО ТФН;Департамент логистики;ОП Саларьево;Склад Саларьево;Кладовщик-комплектовщик;Трудовой договор;1;Москва
ООО ТФН;Департамент финансов;;Планово-экономический отдел;Специалист;Трудовой договор;1;Москва
ООО ТФН;Дивизион МОБАЙЛ;Департамент В2В;Отдел В2В;Руководитель отдела;ГПХ;1;Москва
ООО ТФН;Дивизион МОБАЙЛ;ОП Екатеринбург;Отдел продаж АВТО;Менеджер по продажам;Трудовой договор;1;Екатеринбург
ООО Мега-Ф Сервис;Умный Дом;ОП Санкт-Петербург;Отдел разработки;Старший инженер-программист;Трудовой договор;1;Санкт-Петербург
ООО Мега-Ф Сервис;IT-департамент;;Отдел разработки;WEB-разработчик Python;ГПХ;1;Минск
ООО ТФН;Дивизион Оптика;;;Ассистент дивизиона;Трудовой договор;1;Москва
ООО ТФН;Департамент логистики;;Склад;Кладовщик-комплектовщик;Трудовой договор;1;Москва
ООО Мега-Ф Сервис;Умный Дом;ОП Санкт-Петербург;Отдел разработки;Инженер-программист;Трудовой договор;1;Казань
ООО ТФН;Департамент закупок;;;Бренд-менеджер;Трудовой договор;1;Москва
ООО Мега-Ф Сервис;Умный Дом;ОП Санкт-Петербург;Отдел разработки;Инженер-программист;Трудовой договор;1;Санкт-Петербург
ООО ТФН;Дивизион МОБАЙЛ;;Отдел продаж;Ассистент отдела;Трудовой договор;1;Москва
ООО ТФН;Дивизион МОБАЙЛ;;Отдел продаж;Менеджер по работе с клиентами;Трудовой договор;1;Москва
ООО ТФН;Департамент финансов;;Отдел управленческого учета;Главный специалист;Трудовой договор;1;Москва
ООО ТФН;Дивизион СТМ;;Продуктовый отдел;Специалист по закупкам;Трудовой договор;1;Москва
ООО ТФН;Дивизион МОБАЙЛ;;Отдел продаж;Менеджер по продажам;Трудовой договор;1;Москва
ООО ТФН;Дивизион Оптика;;;Менеджер по развитию;Трудовой договор;1;Москва
ООО ТФН;Дивизион СТМ;;Продуктовый отдел;Продакт-менеджер;Трудовой договор;1;Санкт-Петербург
ООО ТФН;Дивизион МОБАЙЛ;;Отдел продаж;Менеджер по работе с клиентами;Трудовой договор;1;Москва
ООО Мега-Ф Сервис;HR-департамент;;Отдел кадров и секретариата;Специалист по методологии;Трудовой договор;1;Москва
ООО ТФН;Дивизион МОБАЙЛ;;Отдел продаж;Менеджер по продажам;Трудовой договор;1;Москва
ООО Мега-Ф Сервис;Департамент финансов;;Юридический отдел;Ведущий юрисконсульт;Трудовой договор;1;Москва
ООО ТФН;IT-департамент;;Отдел ERP-систем;Консультант SAP FI/CO;ГПХ;1;Москва
ООО ТФН;Дивизион МОБАЙЛ;;Отдел продаж Сети;Менеджер по работе с клиентами;Трудовой договор;1;Москва
ООО Мега-Ф Сервис;IT-департамент;;ERP отдел;Старший консультант SAP;Трудовой договор;1;Москва
ООО ТФН;Дивизион международного бизнеса;;;Менеджера по продажам СНГ;Трудовой договор;1;Москва
ООО ТФН;Департамент логистики;;Склад;Кладовщик-комплектовщик;Трудовой договор;1;Москва
ООО ТФН;Департамент маркетинга;;Региональный отдел;Региональный менеджер по развитию г. Тула;Трудовой договор;1;Тула
ООО Мега-Ф Сервис;Умный Дом;ОП Санкт-Петербург;Отдел разработки;Инженер-программист;Трудовой договор;1;Санкт-Петербург
ООО ТФН;Дивизион МОБАЙЛ;;Отдел продаж;Руководитель группы продаж МБТ;Трудовой договор;1;Москва
ООО ТФН;Департамент логистики;ОП Саларьево;Склад Саларьево;Кладовщик-комплектовщик;Трудовой договор;1;Москва
ТОО TFN-KZ;Дивизион международного бизнеса;Филиал Казахстан;;Коммерческий директор;Трудовой договор;1;Алматы, Казахстан
ООО ТФН;Департамент логистики;ОП Саларьево;Склад Саларьево;Кладовщик-комплектовщик;Трудовой договор;1;Москва
ООО ТФН;IT-департамент;;Отдел ERP-систем;Консультант SAP MM/SD;Трудовой договор;1;Москва
ООО ТФН;Дивизион МОБАЙЛ;;Отдел продаж;Менеджер по работе с клиентами;Трудовой договор;1;Москва
ООО ТФН;Департамент логистики;;Склад;Кладовщик-комплектовщик;Трудовой договор;1;Москва
ООО ТФН;Департамент логистики;ОП Саларьево;Склад Саларьево;Кладовщик-комплектовщик;Трудовой договор;1;Москва
ООО ТФН;Департамент логистики;ОП Саларьево;Склад Саларьево;Кладовщик-комплектовщик;Трудовой договор;1;Москва
ООО ТФН;Департамент логистики;;Отдел региональной доставки;Ведущий менеджер;Трудовой договор;1;Москва
ООО ТФН;Дивизион АВТО;;Административный отдел;Монтажник;ГПХ;1;Санкт-Петербург
ООО ТФН;Дивизион МОБАЙЛ;;Отдел продаж;Менеджер по продажам;Трудовой договор;1;Москва
ООО ТФН;Департамент логистики;ОП Саларьево;Склад Саларьево;Кладовщик-комплектовщик;Трудовой договор;1;Москва
